Company Name,Company LinkedIn,Description
INFINITE AGENCY BKK - ,https://www.linkedin.com/company/infinite-agency-bkk,"INFINITE AGENCY BKK | 213 followers on LinkedIn. ... In 2020, we are the #1 Dropshipping ecommerce company in South-east Asia ... View all 2 employees ..."
LineLogic Digital Agency - ,https://www.linkedin.com/company/linelogicweb,"View all 2 employees ... Wordpress, Website Security, Ecommerce, Content Delivery Network, Creative Agency, Marketing, Digital Marketing, Website Heatmap, ..."
Orange Cattle | ,https://www.linkedin.com/company/orangecattle,"View all 2 employees ... ecommerce marketing agency, full-service marketing agency, Podcast agency, influencer marketing agency, ecommerce social media ..."
supercharged commerce - ,https://www.linkedin.com/company/supercharged-commerce,We're an innovative commerce agency that distils enterprise-level commerce to accelerate the ... View all 2 employees ... Ecommerce Sales Director at…
NEOVERVE - ,https://www.linkedin.com/company/neoverve,View all 2 employees. About us. Neoverve is an ecommerce consultancy and digital agency dedicated to boosting online sales. Let's talk about ways to improve ...
webstar design co | web | branding | ecommerce - ,https://www.linkedin.com/company/webstardesign,"Ecommerce, Design, Branding, Design for print, Motion graphics ... View all 2 employees ... Headfirst Consulting | Branding, Strategy & eCommerce Agency."
Magdalin Creative Media | ,https://www.linkedin.com/company/magdalin-creative-media,Report this company. Magdalin. View all 2 employees ... NEXS MEDIA ECOMMERCE AGENCY & DIGITAL MARKETING CHICAGO. Advertising Services ...
TechXa - Digital Marketing Agency - ,https://www.linkedin.com/company/techxa,TechXa - Digital Marketing Agency | 16 followers on LinkedIn. We provide creative solutions for ... Report this company. Tech Amir. View all 2 employees ...
SMARTUNIT - DIGITAL MARKETING AGENCY - ,https://www.linkedin.com/company/smartunit-digital-marketing,View all 2 employees ... Mobile Web Design » Web Analytics Reports » Ecommerce » Ecommerce Web Design » Ecommerce Solutions » Mobile Ecommerce » On-Site ...
"novusweb, llc | ",https://www.linkedin.com/company/novusweb-llc,"View all 2 employees. About us. novusweb® is a full-service e-commerce agency. ... Ecommerce Development, Consulting, Ecommerce Training, Digital Marketing, ..."
Dine.Agency - ,https://www.linkedin.com/company/dine-agency1?trk=similar-pages,"Agency | 225 followers on LinkedIn. ... Dine.Agency. Advertising Services. New York, New York 225 followers ... View all 2 employees ..."
QorTechno - ,https://www.linkedin.com/company/qortechno,"We are expertise in Web Design, Web Development, Online Store, eCommerce Portal, Web Application, Search Engine Optimisation (SEO) ... View all 2 employees ..."
Reple - ,https://www.linkedin.com/company/reple,Reple is a performance based email marketing agency for ambitious and growing ecommerce brands. Gone are the days of large ... Ricardo. View all 2 employees ...
E-Commerce Signal | ,https://www.linkedin.com/company/e-commerce-signal,Services Include: eCommerce Consulting Pay-Per-Click Marketing Search Engine ... View all 2 employees ... C4 Social - DTC Digital Marketing Growth Agency.
BRADIENT - ,https://www.linkedin.com/company/bradient,Creative Design eCommerce Agency headquartered in Downtown Los Angeles. | BRADIENT redefines digital ... Report this company. Gil. View all 2 employees ...
Stackto Media - ,https://www.linkedin.com/company/stacktomedia,"We are a result-driven agency with values & beliefs. ... Founded: 2020. Specialties: Facebook Ads, Ecommerce Website, Chat Bot, and Social Media Dominance ..."
youcan.agency - ,https://www.linkedin.com/company/youcan-agency,youcan.agency | 16 followers on LinkedIn. ... View all 2 employees ... #youcan.agency #marketing #digitalmarketing #socialmedia #ecommerce #branding ...
Web Design Studio Pro - ,https://www.linkedin.com/company/web-design-studio-pro,"Web Design Studio Pro | 31 followers on LinkedIn. ... are experts in web design, online marketing, and eCommerce website design. ... View all 2 employees ..."
Website Profs - ,https://www.linkedin.com/company/website-profs,Website Profs | Web Design & Development Agency | Mobile App | eCommerce Development Company! | Website Profs is a prominent IT ... View all 2 employees ...
Mermaid - ,https://www.linkedin.com/company/mermaid-agency,"We partner with ecommerce brands to create campaigns, engage people and make a splash! ✓ Facebook ads ✓ Google ads ✓ Live Chat https://mermaid.agency ‍"
SmartInbox | ,https://www.linkedin.com/company/smartinbox?trk=similar-pages,"SmartInbox is an all-in-one inbox for ecommerce merchants. Reply to all your Instagram, Messenger, email, ... Aleksandra Karolina. View all 2 employees ..."
Kollectify - ,https://www.linkedin.com/company/kollectify,Richard. View all 2 employees ... #kollectify #shopify #ecommerce #marketingtrends #articles ... Radical Ecom | Shopify Partner Agency | Web 3.0.
Xitsus Inc - ,https://www.linkedin.com/company/xitsus,"#1 Ranked Digital Marketing Agency, Web Development, eCommerce Solutions, ... View all 2 employees. About us. Xitsus is a Digital Marketing Agency."
"NinjaVision, LLC - ",https://www.linkedin.com/company/ninjavision-llc,We are a digital agency specializing in eCommerce solutions for mid to large size brands. We go behind-the-scenes of ... Andrew Amanda. View all 2 employees ...
EcomHandle - ,https://www.linkedin.com/company/ecomhandle,View all 2 employees ... Website: https://ecomhandle.agency ... #agency #digitalamarketing #ecommerce #branding #blackhistorymonth #blackhistorymonth2022 ...
WISE COMMERCE - ,https://www.linkedin.com/company/wise-commerce,"Full Service eCommerce Agency | We, WISE COMMERCE are CBT E-Commerce platform specialist group which have extensive experience in ... View all 2 employees ..."
The DBG Agency - ,https://www.linkedin.com/company/dbg-agency,The DBG Agency | 123 followers on LinkedIn. ... Growth - #Marketing #eCommerce #GrowthHacking | We are digital business architects ... View all 2 employees ...
Emanu Agency | ,https://www.linkedin.com/company/emanu-agency,Web Design Agency That Creates Profitable & Creative Websites. ... Report this company. Stefan Sara. View all 2 employees ... Ecommerce Coordinator jobs.
Insaan - ,https://www.linkedin.com/company/insaan-marketing,"View all 2 employees ... Insaan is not your typical ""Yes Man"" agency (we're actually a women-run business ... #marketing #ecommerce #shopify #blackfriday."
Retime Sweden | ,https://www.linkedin.com/company/retime-sweden,Retime is the leading Amazon Agency in the Nordics. ... View all 2 employees ... #amazon #amazonsweden #amazonadvertising #ehandel #ecommerce #retimeagency ...
Unpack - ,https://www.linkedin.com/company/unpackagency,"Report this company. Alex. View all 2 employees ... Website: http://unpack.agency ... Director Of Ecommerce jobs. 4,962 open jobs ..."
PHL Digital - ,https://www.linkedin.com/company/phl-digital-uk,Expert Ecommerce & Web Agency - Affordable Websites that deliver results | PHL Digital combines professional web design with ... View all 2 employees ...
CAOSS | Full Service Amazon Agency - ,https://www.linkedin.com/company/caoss,Award-Winning Amazon Agency - supporting brands through content ... View all 2 employees ... Nuanced Media: eCommerce & Amazon Marketing Services Agency.
merchroute - ,https://www.linkedin.com/company/merchroute,merchroute | 15 followers on LinkedIn. e-commerce Agency | MerchRoute helps ecommerce companies with their Amazon and Ecommerce ... View all 2 employees ...
eFocus Marketing - ,https://www.linkedin.com/company/efocusmarketing,Specialist email marketing agency | London | We don't want you to be in the dark with ... View all 2 employees ... eCom Maniacs | Retention Marketing Agency.
EcomHandle | ,https://www.linkedin.com/company/ecomhandle/?trk=similar-pages,View all 2 employees ... Website: https://ecomhandle.agency ... #agency #digitalamarketing #ecommerce #branding #blackhistorymonth #blackhistorymonth2022 ...
Clever Cow Media - ,https://www.linkedin.com/company/clever-cow-media,"View all 2 employees ... Wordpress Development, Small Business, Start Ups, Business Consulting, Ecommerce, Agency Services, Marketing, and Social Media ..."
Brandwins - ,https://www.linkedin.com/company/brandwins-creative-agency,eCommerce Technology Solutions - Grow your Sales Brandwins provides technology that drives customer experience for e-commerce businesses.
Strategy Maven Agency | ,https://www.linkedin.com/company/strategy-maven-agency,Strategy Maven Agency | 102 followers on LinkedIn. ... View all 2 employees ... #emailtips #marketing #ecommercemarketing #ecommerce #ecommercerbusiness ...
Wingz Media - ,https://www.linkedin.com/company/wingz-media,Full Ecommerce Marketing Agency. ... Report this company. Kainan Marco. View all 2 employees ... Kainan Pires. Ecommerce & Growth Marketing Expert.
Mermaid | ,https://www.linkedin.com/company/mermaid-agency?trk=pulse-article_main-author-card,"We partner with ecommerce brands to create campaigns, engage people and make a splash! ✓ Facebook ads ✓ Google ads ✓ Live Chat https://mermaid.agency ‍"
Ooglefish - ,https://www.linkedin.com/company/ooglefish,"View all 2 employees ... They range from full service advertising agencies, to ecommerce websites to single location ... We are a performance based agency."
seo4anyone | ,https://www.linkedin.com/company/seo4anyone.com,... digital marketing agency that works with SMB eCommerce companies. We help you get over the hump! See jobs Follow. Kevin Mark. View all 2 employees.
Valore Agency | ,https://www.linkedin.com/company/valore-social-marketing,Valore Agency | 297 followers on LinkedIn. ... View all 2 employees ... #paidads #instagramads #igads #googleads #ecommerce #dropshipping #advertisingtips ...
LRITW - ,https://www.linkedin.com/company/lritw,"Improved Hosting • Web & eCommerce • IT Concierge ... View all 2 employees ... Specialties: Consulting Agency, Image Consultant, and eCommerce ..."
Nestamedia Studios | Digital Agency - ,https://www.linkedin.com/company/nestamedia-studios,"... digital design and development agency specialising in web design, web development, mobile apps, eCommerce, product design, ... View all 2 employees ..."
That's It! Marketing - ,https://www.linkedin.com/company/thatsitmktg,Affordable Marketing and Web Design | We're a full service digital marketing agency ... services for eCommerce brands and local businesses throughout the US.
ZamTech Ltd - ,https://www.linkedin.com/company/zamte.com,"View all 2 employees. About us. ZamTech LTD is A London Based Magento eCommerce agency. a full-service agency, we can ensure your team has all the resources ..."
Ecom Key | ,https://www.linkedin.com/company/ecomkey,"View all 2 employees ... Specialties: ecommerce, dropshipping, shopify, amazon, facebook, software, saas, facebookads, ... Rockbox // A Video Content Agency."
JTB Online Digital Marketing - ,https://www.linkedin.com/company/jtb-online-digital-marketing-agency,"View all 2 employees ... WordPress, Digital Marketing, SMS Marketing, Brand Awareness, eCommerce, Social Media ... Spector Group Digital Marketing Agency."
All In Orbit - ,https://www.linkedin.com/company/all-in-orbit,"All In Orbit is an Interactive Agency based out of Anaheim, CA. ... software & CMS solutions like WordPress as well as eCommerce software, including X-Cart."
"Salto Innovation, LLC | ",https://www.linkedin.com/company/salto-innovation-llc,"View all 2 employees ... Shopify Stores, Online Sales, eCommerce, Content Marketing, and UX/UI Agency ... Corina H. Ecommerce Marketing Manager at Salto…"
180Commerce (acquired by Cart.com) - ,https://www.linkedin.com/company/180commerce-inc,"Cassidy. View all 2 employees ... Optimal Agency (acquired by Cart.com). Advertising Services. Austin, TX ... Ecommerce Specialist jobs. 13,763 open jobs ..."
Liftoff Marketing Agency | ,https://www.linkedin.com/company/liftoff-marketing-agency,"Liftoff Marketing Agency is an in house digital marketing firm that works with several different industries, including Real Estate, eCommerce, ..."
Royalty Media Management | ,https://www.linkedin.com/company/royalty-media-management,"We have experience building eCommerce websites, marketing campaigns, ... Royalty Media Management is a digital marketing agency that specializes in Social ..."
Skylake Pvt. Ltd. - ,https://www.linkedin.com/company/skylake-pvt-ltd,"View all 2 employees. About us. We are a full-service eCommerce agency specialized in making custom-designed, high-converting eCommerce stores using Shopify ..."
TribeEcom Marketing | ,https://www.linkedin.com/company/tribe-ecom,TRIBE E-COM DIGITAL MARKETING AGENCY Expert - Traffic - Conversion Our agency processes and strategies are focused on conversions ... View all 2 employees ...
We Are Folk - ,https://www.linkedin.com/company/folk-digital,"Creative, campaigns, brand strategy, influencer marketing, eCommerce ... View all 2 employees ... VERB Brands | Leading Luxury Digital Marketing Agency."
John Kiskipelis Digital Marketing | ,https://www.linkedin.com/company/john-kiskipelis,"Data driven Marketing Agency focused on Revenue Growth | E-commerce Consulting ... ecommerce , ecommerce marketing, digital marketing, digital consulting, ..."
Mageway | ,https://www.linkedin.com/company/mageway,Mageway is an eCommerce web development agency focued on Magento Solutions. Our clients range for small ... Cristiana Sebastian. View all 2 employees ...
Since 20 - ,https://www.linkedin.com/company/since-20,"View all 2 employees ... Specialties: digital marketing, shopify, wordpress, dropshipping, ecommerce, brand awarness, web design, seo, Shopping Ads, ..."
Diglin - ,https://www.linkedin.com/company/diglin-gmbh/,Diglin is the Swiss eCommerce Agency following you at each level of your eCommerce project from conception to realization on ... View all 2 employees ...
La Creativo | ,https://www.linkedin.com/company/lacreativo,"Digital Marketing Agency | We're a boutique digital marketing agency based in ... Graphic Designing, Online Portal, eCommerce, SEO, Custom Web Development, ..."
Chicklet Marketing | ,https://www.linkedin.com/company/chicklet-marketing,"An Innovative Creative Agency that provides unparalleled branding, ... thanks to its cost-effective advertising, ecommerce and SEO enhancement capabilities, ..."
Power Marketing Agency - ,https://www.linkedin.com/company/power-marketing-agency,"Power Marketing Agency | 7 followers on LinkedIn. ... View all 2 employees ... Data Tracking, Online Marketing, eCommerce, CRM, Social Media Marketing, ..."
Jarvis Staffing - ,https://www.linkedin.com/company/jarvis-staffing,"Jarvis Staffing is the leader in eCommerce recruitment and staffing solutions. We eat, sleep and breathe eCommerce! ... Kevin Jose. View all 2 employees ..."
Predictes Full Stack Technology Agency - ,https://www.linkedin.com/company/predictes,"Predictes Full Stack Technology Agency ... View all 2 employees ... Custom Software Development, Web Design, Web Development, B2C eCommerce, B2B eCommerce, ..."
BigHat Digital Ltd - ,https://www.linkedin.com/company/bighat-digital-limited,View all 2 employees. About us. BigHat Digital is an eCommerce digital agency and Magento module development ... We are a small agency with big ideas.
Dream Digital - ,https://www.linkedin.com/company/dreamdigital-agency,Dream Digital is a full-service digital marketing agency specialising in providing our clients with online solutions including ... View all 2 employees ...
ACTISmedia website design - ,https://www.linkedin.com/company/actismedia,"We create websites, eCommerce, and manage PPC. ... Welcome to ACTISmedia We are a website, eCommerce, and digital marketing agency. ... View all 2 employees ..."
Zenpho - ,https://www.linkedin.com/company/zenphoagency,"eCommerce Digital Marketing Agency | We help eCommerce businesses, mobile apps, SaaS and startups increase profits through paid ... View all 2 employees ..."
Wapiti - ,https://www.linkedin.com/company/wapitidigital,"View all 2 employees ... We specialize in eCommerce, web design, email marketing, search optimization, ... Agence web & e-commerce Lille - Wapiti Agency."
Great White Media - ,https://www.linkedin.com/company/greatwhitemedia,View all 2 employees. About us. We help eCommerce businesses boost revenue by 20-30% within 30-90 days through ... Website: http://greatwhitemedia.agency.
keybits - The Digital Marketing Agency - ,https://www.linkedin.com/company/keybits,"keybits - The Digital Marketing Agency | 20 followers on LinkedIn. ... mobile communication, ecommerce, email marketing and online marketing techniques."
Silken Asia - ,https://www.linkedin.com/company/silkenasia,"We help SMEs, brands, retailers and distributors to implement eCommerce strategy and operations. ... Eliseo. View all 2 employees ... Sphere Agency."
Whale Farm - ,https://www.linkedin.com/company/surge-ventures,Facebook Ads that Sell | Whale Farm is a social-first digital advertising agency that helps ecommerce brands grow. ... Ghulam. View all 2 employees ...
MCG-AGENCY - ,https://www.linkedin.com/company/mcg-agency,See how we routinely scale eCommerce brands to multiple 6 & 7 figures through scientifically-backed advertising: https://mcg-agency.co/case-study/
The Embarking Group - ,https://www.linkedin.com/company/the-embarking-group,"We're experts in creating and growing brands, specialising in ecommerce. Our group consists of an agency division which helps our clients build and grow."
Sam Baker Consulting | ,https://www.linkedin.com/company/sam-baker-consulting,"I'm Sam, ecommerce and digital marketing strategist, conversion rate optimization ... View all 2 employees ... The Wright Group - A Retail Sales Agency."
Bathcomms - ,https://www.linkedin.com/company/bathcomms,"We are an eCommerce Digital Agency based in Bath, UK. | Bathcomms is a full service eCommerce agency, specialising in Magento ... View all 2 employees ..."
Jack Wagon Agency | ,https://www.linkedin.com/company/jack-wagon-agency,Jack Wagon Agency | 23 followers on LinkedIn. ... Jack Wagon Agency is a full service consulting firm with a long list of clients ... View all 2 employees ...
Enlighten IC - ,https://www.linkedin.com/company/enlightenic,"Enlighten IC is a growth marketing agency focused on the legal and technology sectors. ... View all 2 employees ... Agency Owner & Tech Founder | Strategy,…"
FluidRank - ,https://www.linkedin.com/company/fluidrank,Ready to skyrocket eCommerce revenue? ... View all 2 employees ... FluidRank is a full-service agency with strong abilities in eCommerce development and ...
WEB DISTRICTS LLC - ,https://www.linkedin.com/company/web-districts-llc,"Web District is a professional website agency offering custom websites development services such as Custom eCommerce Development, Custom Design Logo, ..."
LGI Media - ,https://www.linkedin.com/company/lgi-media,LGI Media is a results-based online advertising agency that helps Ecommerce businesses scale to 7-8 figures in revenue with ... View all 2 employees ...
"Level Four Storefront, llc - ",https://www.linkedin.com/company/level-four-storefront-llc,Level Four is a web and Flash development agency specializing in the ecommerce and online shopping environments. ... Eric Josh. View all 2 employees ...
TigeAD - ,https://www.linkedin.com/company/tigead,"As the largest eCommerce marketplace, Amazon is not something online ... View all 2 employees ... Specialties: Amazon, PPCAmazon, and Advertising Agency ..."
Xaicode | ,https://www.linkedin.com/company/xaicode/,View all 2 employees ... small business owners who can't afford a full-time team to drive their eCommerce strategy with proactive marketing and web design.
UBQ Europe - ,https://www.linkedin.com/company/ubqeurope,We do great eCommerce and can help you with your eCommerce business. UBQ is a leading business strategy & solutions agency for consumer commerce in Europe ...
At ebc Inc. - ,https://www.linkedin.com/company/at-ebc-inc.,"At ebc Inc. a Digital Media Agency Located in the Midwest - Milwaukee WI Area ... Internet marketing, custom ecommerce, website hosting, graphic design, ..."
RoiChamp | Automated Email Marketing for Ecommerce,https://www.linkedin.com/company/roichamp,RoiChamp | Automated Email Marketing for Ecommerce | 54 followers on LinkedIn. You hate writing emails? ... Stanko. View all 2 employees ... Chronos Agency.
Advantec. - ,https://www.linkedin.com/company/advantec-internet-services-ltd,"Samantha. View all 2 employees ... Specialties: Web design, Web development, Ecommerce, Search engine optimisation, Content marketing, PPC, Conversion rate ..."
BuzzMaven Digital Marketing Agency | ,https://www.linkedin.com/company/buzzmaven,BuzzMaven Digital Marketing Agency | 133 followers on LinkedIn. No Excuses - No Sugar Coating - Relentlessly ... Scott Heather Laudan. View all 2 employees ...
Marketing Agency (MarketingAgency.com) - ,https://www.linkedin.com/company/marketingagencycom,Marketing Agency (MarketingAgency.com) | 25 followers on LinkedIn. The #1 marketing industry ... Report this company. Arsalan. View all 2 employees ...
AdToro - ,https://www.linkedin.com/company/adtoroagency,Our global Digital Marketing Agency is driven by passionate thinkers who ... View all 2 employees ... #marketingtips #marketingagency #ecommerce #adtoro.
Shopify Developer | ,https://www.linkedin.com/company/shopifydeveloper?trk=similar-pages,"Report this company. Houssem. View all 2 employees ... CodeBiosis | eCommerce Agency. IT Services and IT Consulting. Bangalore, Karnataka ..."
Mechanised - ,https://www.linkedin.com/company/we-are-mechanised,"View all 2 employees ... Specialties: Web Design & Development, SEO, Social Media Marketing, eCommerce, Digital Marketing, PPC, Pay-per-click advertising, ..."
Chirp Agency - ,https://www.linkedin.com/company/chirpagency,"Chirp Agency | 1650 followers on LinkedIn. Multimedia Review Software, Ecom Sites, Domains, Hosting, Digital Signage, Social Media ... View all 2 employees ..."
Xune Solutions (Growth Agency) - ,https://www.linkedin.com/company/xune101,"Xune Solutions (Growth Agency) | 88 followers on LinkedIn. ... Inbound Marketing, Inbound eCommerce Marketing, Marketing Automation, eCommerce Fulfilment, ..."
Luna Marketing | ,https://www.linkedin.com/company/luna-marketing-atx,"Austin, Texas 103 followers. A Marketing Agency That Gives A Shit. See jobs Follow · Report this company. Dominic Ruddy. View all 2 employees ..."
